{
    "0": {
        "0": 0.000698429071841,
        "1": 0,
        "2": 0,
        "3": 0.000555787133528
    },
    "1": {
        "0": 0.000240297969482,
        "1": 0,
        "2": 0.001391022111456,
        "3": 0.000585578049189
    },
    "2": {
        "0": 0.000691085003455,
        "1": 0,
        "2": 0.003788835564536,
        "3": 0.001859645688558
    },
    "3": {
        "0": 0,
        "1": 0,
        "2": 0.00017958157493,
        "3": 0.0
    },
    "4": {
        "0": 0.001297016861219,
        "1": 0.002872448906315,
        "2": 0,
        "3": 0.000258064516129
    },
    "5": {
        "0": 0.0,
        "1": 0.0,
        "2": 0.0,
        "3": 0.0
    },
    "6": {
        "0": 0,
        "1": 0.011177987962167,
        "2": 0,
        "3": 0.004509582863585
    },
    "7": {
        "0": 0,
        "1": 0.0,
        "2": 0.0,
        "3": 0
    },
    "8": {
        "0": 0.004161464835622,
        "1": 0.008140887190563,
        "2": 0,
        "3": 0
    },
    "9": {
        "0": 0.005938242280285,
        "1": 0,
        "2": 0.025721784776903,
        "3": 0.008771929824561
    },
    "10": {
        "0": 0,
        "1": 0.047817047817048,
        "2": 0.047259929612871,
        "3": 0.023728813559322
    },
    "11": {
        "0": 0,
        "1": 0,
        "2": 0.0,
        "3": 0
    },
    "12": {
        "0": 0.0,
        "1": 0.0,
        "2": 0,
        "3": 0
    },
    "13": {
        "0": 0.014652014652015,
        "1": 0.05205047318612,
        "2": 0,
        "3": 0
    },
    "14": {
        "0": 0,
        "1": 0.206176203451408,
        "2": 0.212062256809339,
        "3": 0
    },
    "15": {
        "0": 0,
        "1": 0,
        "2": 1.0,
        "3": 0
    }
}